<?xml version='1.0' encoding='utf-8'?>
<!DOCTYPE hibernate-configuration PUBLIC
    "-//Hibernate/Hibernate Configuration DTD//EN"
    "http://hibernate.sourceforge.net/hibernate-configuration-3.0.dtd">

<hibernate-configuration>

   
    <session-factory>

        <!-- properties -->
        <!--  
        <property name="hibernate.connection.driver_class">
        	oracle.jdbc.driver.OracleDriver
        </property>
        <property name="hibernate.connection.url">
        	jdbc:oracle:thin:@localhost:1521:xe
        </property>
        <property name="hibernate.connection.username">
        	dbbatch1
        </property>
        <property name="hibernate.connection.password">
        	user123
        </property>
        -->
        <property name="dialect">
        	org.hibernate.dialect.OracleDialect
        </property>
        <property name="show_sql">true</property>
        <property name="format_sql">true</property>
        
        <property name="hibernate.hbm2ddl.auto">update</property> 
        <!-- 
        create, create-drop, validate and update 
        create - first drops existing schema and then creates a new schema everytime the SessionFactory object is created
        create-drop - when session factory is created, existing schema is dropped, new schama is created and when session factory is closed again shema is dropped
        update (default)- if scheam doesnot already exist, it will create a new schema. If schema already exists it will update existing schema
        
        -->
        
        <!--  
        <property name="hibernate.current_session_context_class">thread</property>
       -->
       
        <!-- mapping files -->
        <mapping resource="product.hbm.xml"/>
        

       

    </session-factory>

</hibernate-configuration>